<?xml version="1.0" encoding="UTF-8"?>
<KeyBindings Version="1.0" Emulation="CUA">
	<Mode Name="default">
		<Assign Key="Alt+L" Command="list-tags"/>
		<Assign Key="Alt+Shift+B" Command="beautify-selection"/>
		<Assign Key="Alt+Shift+D" Command="activate-defs"/>
		<Assign Key="Alt+Shift+S" Command="activate-find-symbol"/>
		<Remove Key="Command+W"/>
		<Assign Key="Ctrl+Alt+Shift+B" Command="c-beautify-selection"/>
		<Assign Key="Ctrl+LButtonDn" Command="push-tag"/>
		<Assign Key="Ctrl+W" Command="close-window"/>
		<Assign Key="F3" Command="find-next"/>
		<Assign Key="F4" Command="find-prev"/>
		<Assign Key="F8" Command="quick-highlight"/>
		<Assign Key="Shift+F3" Command="quick-search"/>
	</Mode>
	<Mode Name="fileman">
		<Remove Key="Alt+Shift+O"/>
		<Remove Key="Shift+Command+O"/>
	</Mode>
</KeyBindings>
